<?xml version="1.0"?>
<!--
/**
 * Copyright © Bluethinkinc, All rights reserved.
 * See COPYING.txt for license details.
 */
-->
<config xmlns:xsi="http://www.w3.org/2001/XMLSchema-instance" xsi:noNamespaceSchemaLocation="urn:magento:module:Magento_Config:etc/system_file.xsd">
    <system>
        <tab id="bluethink" class="bt-bluethinkinc" translate="label" sortOrder="200">
            <label>Bluethinkinc</label>
        </tab>
        <section id="shopnow" translate="label" sortOrder="1" showInDefault="1" showInWebsite="1" showInStore="1">
            <class>separator-top</class>
            <label>Shop Now</label>
            <tab>bluethink</tab>
            <resource>Bluethinkinc_ShopNow::config_shopnow</resource>
            <group id="general" translate="label" type="text" sortOrder="10" showInDefault="1" showInWebsite="1" showInStore="1">
                <label>General Configuration</label>
                <field id="enable" translate="label" type="select" sortOrder="10" showInDefault="1" showInWebsite="1" showInStore="1">
                    <label>Show Shop Now Button</label>
                    <source_model>Magento\Config\Model\Config\Source\Yesno</source_model>
                </field>
            </group>
            <group id="more_configurations" translate="label" type="text" sortOrder="20" showInDefault="1" showInWebsite="1" showInStore="1">
                <label>Bluethinkinc More Configuration</label>
                <depends>
                    <field id="shopnow/general/enable">1</field>
                </depends>
                <field id="catalog_category" translate="label" type="select" sortOrder="30"  showInDefault="1" showInWebsite="1" showInStore="1">
                    <label>Visible Shop Now Button on Catalog Page</label>
                    <source_model>Magento\Config\Model\Config\Source\Yesno</source_model>
                    <depends>
                        <field id="shopnow/general/enable">1</field>
                    </depends>
                </field>
                <field id="product_detail" translate="label" type="select" sortOrder="40"  showInDefault="1" showInWebsite="1" showInStore="1">
                    <label>Visible Shop Now Button on Product Detail Page</label>
                    <source_model>Magento\Config\Model\Config\Source\Yesno</source_model>
                    <depends>
                        <field id="shopnow/general/enable">1</field>
                    </depends>
                </field>
            </group>
        </section>
    </system>
</config>

